url,slug,title,date,producer,word_count,http_status,fetched_at
https://www.fassselections.com/blog/1-of-124-limited-list-from-the-greeks-cellar-one-of-the-most-sought-after-wines-of-the-rhone-the-greeks-cote-rotie-la-brocarde-from-the-best-parcel-collectors-item/,1-of-124-limited-list-from-the-greeks-cellar-one-of-the-most-sought-after-wines-of-the-rhone-the-greeks-cote-rotie-la-brocarde-from-the-best-parcel-collectors-item,1 of 124 LIMITED LIST – From The “Greek’s” Cellar – One of the Most Sought After Wines of the Rhone – The Greek’s Côte Rôtie ‘La Brocarde’ from the Best Parcel – Collector’s Item,,,2033,200,2026-05-05T09:55:39+00:00
https://www.fassselections.com/blog/100-points-2022-neumagener-rosengartchen-an-apogeal-dry-riesling/,100-points-2022-neumagener-rosengartchen-an-apogeal-dry-riesling,100 Points 2022 Neumagener Rosengartchen – An Apogeal Dry Riesling,,,1788,200,2026-05-05T09:55:39+00:00
https://www.fassselections.com/blog/100-points-twice-in-2022-and-2019-neumagener-rosengartchen-an-apogeal-dry-riesling-will-it-be-100-in-2023/,100-points-twice-in-2022-and-2019-neumagener-rosengartchen-an-apogeal-dry-riesling-will-it-be-100-in-2023,100 Points Twice in 2022 and 2019- Neumagener Rosengartchen – An Apogeal Dry Riesling – Will it Be 100 in 2023?,,,1754,200,2026-05-05T09:55:39+00:00
https://www.fassselections.com/blog/1006/,1006,Blog,,,71,200,2026-05-05T09:55:43+00:00
https://www.fassselections.com/blog/25-99-for-blanc-de-blancs-all-2016-fruit-this-is-easily-60-in-champagne-the-sparkling-wine-deal-of-a-lifetime/,25-99-for-blanc-de-blancs-all-2016-fruit-this-is-easily-60-in-champagne-the-sparkling-wine-deal-of-a-lifetime,$25.99 for Blanc de Blancs! All 2016 Fruit! This Is Easily $60 in Champagne – The Sparkling Wine Deal of a Lifetime!,,,1244,200,2026-05-05T09:55:46+00:00
https://www.fassselections.com/blog/54-99-for-elite-bdb-2016-caillez-lemaire-chardonnay-de-la-valle-blancs-de-blancs-brut-nature-maybe-their-best-wine/,54-99-for-elite-bdb-2016-caillez-lemaire-chardonnay-de-la-valle-blancs-de-blancs-brut-nature-maybe-their-best-wine,$54.99 for Elite BdB – 2016 Caillez Lemaire Chardonnay de la Valle Blancs de Blancs Brut Nature – Maybe Their Best Wine,,,1403,200,2026-05-05T09:55:49+00:00
https://www.fassselections.com/blog/56-99-for-elite-bdb-2017-caillez-lemaire-chardonnay-de-la-valle-blancs-de-blancs-brut-nature-maybe-their-best-wine/,56-99-for-elite-bdb-2017-caillez-lemaire-chardonnay-de-la-valle-blancs-de-blancs-brut-nature-maybe-their-best-wine,$56.99 for Elite BdB – 2017 Caillez Lemaire Chardonnay de la Valle Blancs de Blancs Brut Nature – Maybe Their Best Wine,,,1462,200,2026-05-05T09:55:52+00:00
https://www.fassselections.com/blog/669/,669,Blog,,,71,200,2026-05-05T09:55:56+00:00
https://www.fassselections.com/blog/702/,702,Blog,,,71,200,2026-05-05T09:55:59+00:00
https://www.fassselections.com/blog/786/,786,Blog,,,71,200,2026-05-05T09:56:03+00:00
https://www.fassselections.com/blog/90-93-burghound-1er-cru-pinot-noir-under-46-one-of-burgundys-rising-stars-among-the-highest-scoring-in-the-aoc-2/,90-93-burghound-1er-cru-pinot-noir-under-46-one-of-burgundys-rising-stars-among-the-highest-scoring-in-the-aoc-2,90-93 Burghound 1er Cru Pinot Noir – Under $46 – One of Burgundy’s Rising Stars – Among the Highest Scoring in the AOC!,,,1647,200,2026-05-05T09:56:06+00:00
https://www.fassselections.com/blog/90-93-burghound-1er-cru-pinot-noir-under-46-one-of-burgundys-rising-stars-among-the-highest-scoring-in-the-aoc/,90-93-burghound-1er-cru-pinot-noir-under-46-one-of-burgundys-rising-stars-among-the-highest-scoring-in-the-aoc,90-93 Burghound 1er Cru Pinot Noir – Under $46 – One of Burgundy’s Rising Stars – Among the Highest Scoring in the AOC!,,,1648,200,2026-05-05T09:56:09+00:00
https://www.fassselections.com/blog/95-point-pinot-noir-from-stefan-steinmetz-under-35-a-stunning-collection-an-iconic-german-pinot-will-age-for-a-decade-or-longer/,95-point-pinot-noir-from-stefan-steinmetz-under-35-a-stunning-collection-an-iconic-german-pinot-will-age-for-a-decade-or-longer,95 Point *** Pinot Noir from Stefan Steinmetz – Under $35 – “a stunning collection” – An Iconic German Pinot – Will Age for a Decade or Longer,,,1916,200,2026-05-05T09:56:12+00:00
https://www.fassselections.com/blog/96-point-pinot-noir-29-99-if-brisset-and-buffet-had-a-love-child-the-thunderous-arrival-of-thorle-2021-pinots-better-call-sauls-chicanery/,96-point-pinot-noir-29-99-if-brisset-and-buffet-had-a-love-child-the-thunderous-arrival-of-thorle-2021-pinots-better-call-sauls-chicanery,"96 Point Pinot Noir, $29.99 – if Brisset and Buffet Had a Love Child – The Thunderous Arrival of Thorle 2021 Pinots – Better Call Saul’s “Chicanery”",,,1930,200,2026-05-05T09:56:15+00:00
https://www.fassselections.com/blog/96-points-galloni-nebbiolo-delsignores-gattinara-borgofranco-riserva-plus-one-of-the-great-alt-chamapgnes-2/,96-points-galloni-nebbiolo-delsignores-gattinara-borgofranco-riserva-plus-one-of-the-great-alt-chamapgnes-2,96 Points Galloni Nebbiolo – Delsignore’s Gattinara Borgofranco Riserva – Plus One of the Great Alt Chamapgnes,,,2415,200,2026-05-05T09:56:17+00:00
https://www.fassselections.com/blog/96-points-galloni-nebbiolo-delsignores-gattinara-borgofranco-riserva-plus-one-of-the-great-alt-chamapgnes/,96-points-galloni-nebbiolo-delsignores-gattinara-borgofranco-riserva-plus-one-of-the-great-alt-chamapgnes,96 Points Galloni Nebbiolo – Delsignore’s Gattinara Borgofranco Riserva – Plus One of the Great Alt Chamapgnes,,,2415,200,2026-05-05T09:56:20+00:00
https://www.fassselections.com/blog/97-point-oregon-pinot-noir-wa-3-vintages-library-release-my-only-us-winery-for-a-good-reason-hes-a-superstar/,97-point-oregon-pinot-noir-wa-3-vintages-library-release-my-only-us-winery-for-a-good-reason-hes-a-superstar,97 Point Oregon Pinot Noir (WA) – 3 Vintages Library Release – My Only US Winery for a Good Reason – He’s a Superstar,,,2128,200,2026-05-05T09:56:23+00:00
https://www.fassselections.com/blog/975/,975,Blog,,,71,200,2026-05-05T09:56:26+00:00
https://www.fassselections.com/blog/__trashed/,__trashed,“I Know the Vines like the Farmer Knows His Cow” – Simply Perfectly Made Wines – A Top Swiss Pinot Noir Producer,,,2320,200,2026-05-05T09:56:29+00:00
https://www.fassselections.com/blog/a-new-genre-of-wines-the-category-defining-grand-cru-whites-from-enderle-moll-arguably-the-best-natural-whites-in-the-world-2/,a-new-genre-of-wines-the-category-defining-grand-cru-whites-from-enderle-moll-arguably-the-best-natural-whites-in-the-world-2,“A New Genre of Wines” – The Category Defining Grand Cru Whites from Enderle & Moll – Arguably the Best Natural Whites in the World,,,1793,200,2026-05-05T09:56:32+00:00
https://www.fassselections.com/blog/a-new-genre-of-wines-the-category-defining-grand-cru-whites-from-enderle-moll-arguably-the-best-natural-whites-in-the-world/,a-new-genre-of-wines-the-category-defining-grand-cru-whites-from-enderle-moll-arguably-the-best-natural-whites-in-the-world,“A New Genre of Wines” – The Category Defining Grand Cru Whites from Enderle & Moll – Arguably the Best Natural Whites in the World,,,1793,200,2026-05-05T09:56:35+00:00
https://www.fassselections.com/blog/a-new-insider-wine-from-the-greek-old-vine-elegant-grenache-under-45-value-the-trollat-of-gigondas/,a-new-insider-wine-from-the-greek-old-vine-elegant-grenache-under-45-value-the-trollat-of-gigondas,"A New Insider Wine from the Greek! Old Vine, Elegant Grenache – Under $45 Value – the Trollat of Gigondas",,,1311,200,2026-05-05T09:56:37+00:00
https://www.fassselections.com/blog/a-passion-project-from-one-of-barolos-old-guard-on-a-par-with-bartolo-mascarello-conterno-psychotically-aromatic/,a-passion-project-from-one-of-barolos-old-guard-on-a-par-with-bartolo-mascarello-conterno-psychotically-aromatic,"A Passion Project from One of Barolo’s Old Guard – On a Par with Bartolo Mascarello, Conterno, – Psychotically Aromatic",,,2114,200,2026-05-05T09:56:40+00:00
https://www.fassselections.com/blog/a-portoflio-balancing-day-for-the-price-of-molsheim-96-97-point-single-vineyard-gg-style-rieslings-from-thorle-under-40-stock-up/,a-portoflio-balancing-day-for-the-price-of-molsheim-96-97-point-single-vineyard-gg-style-rieslings-from-thorle-under-40-stock-up,"A Portoflio Balancing Day – For the Price of Molsheim, 96/97 Point Single Vineyard GG Style Rieslings from Thorle – Under $40, Stock Up!",,,2062,200,2026-05-05T09:56:43+00:00
https://www.fassselections.com/blog/a-primer-on-the-economics-of-the-wine-tariffs-and-a-proposed-solution/,a-primer-on-the-economics-of-the-wine-tariffs-and-a-proposed-solution,A Primer on the Economics of the Wine Tariffs and a Proposed Solution,,,884,200,2026-05-05T09:56:46+00:00
https://www.fassselections.com/blog/a-top-10-riesling-in-germany-holle-psychotically-dense-complex-fine-98-points-for-the-2022-will-stand-against-any-german-riesling-bring-it/,a-top-10-riesling-in-germany-holle-psychotically-dense-complex-fine-98-points-for-the-2022-will-stand-against-any-german-riesling-bring-it,"A Top 10 Riesling in Germany: Holle – Psychotically, Dense, Complex, Fine – 98 Points for the 2022 – Will Stand Against Any German Riesling – Bring it",,,1625,200,2026-05-05T09:56:48+00:00
https://www.fassselections.com/blog/a-treat-from-the-cellar-of-very-rare-swiss-wines-please-read-carefully/,a-treat-from-the-cellar-of-very-rare-swiss-wines-please-read-carefully,A Treat From The Cellar of Very Rare Swiss Wines – Please Read Carefully!,,,1900,200,2026-05-05T09:56:51+00:00
https://www.fassselections.com/blog/aged-german-corton-charlemagne-ready-to-drink-and-shows-the-brilliant-heights-that-mature-gut-hermannsberg-2018-can-reach/,aged-german-corton-charlemagne-ready-to-drink-and-shows-the-brilliant-heights-that-mature-gut-hermannsberg-2018-can-reach,Aged “German Corton Charlemagne” – Ready to Drink and Shows the Brilliant Heights That Mature Gut Hermannsberg (2018) Can Reach,,,1397,200,2026-05-05T09:56:54+00:00
https://www.fassselections.com/blog/aged-mosel-auslese-deal-of-all-time-brilliantly-complex-and-fresh-2013-from-the-iconic-piesporter-goldtropfchen-just-tasted/,aged-mosel-auslese-deal-of-all-time-brilliantly-complex-and-fresh-2013-from-the-iconic-piesporter-goldtropfchen-just-tasted,Aged Mosel Auslese Deal of All Time – Brilliantly Complex and Fresh 2013 from the Iconic Piesporter Goldtropfchen – Just Tasted,,,1203,200,2026-05-05T09:56:57+00:00
https://www.fassselections.com/blog/among-the-hardest-to-get-wines-in-italy-bar-none-his-2-still-affordable-wines-brilliant-barbera-and-dolcetto/,among-the-hardest-to-get-wines-in-italy-bar-none-his-2-still-affordable-wines-brilliant-barbera-and-dolcetto,Among the Hardest to Get Wines in Italy Bar None – His 2 (Still) Affordable Wines – Brilliant Barbera and Dolcetto,,,2918,200,2026-05-05T09:56:59+00:00
https://www.fassselections.com/blog/an-old-school-fass-selections-producer-with-revirand-top-10-in-st-joseph-96-points-2019-the-elegant-st-epine-style/,an-old-school-fass-selections-producer-with-revirand-top-10-in-st-joseph-96-points-2019-the-elegant-st-epine-style,"An Old School Fass Selections Producer  – With Revirand – Top 10 in St. Joseph, 96 Points (2019) – The Elegant, St. Epine Style",,,1474,200,2026-05-05T09:57:02+00:00
https://www.fassselections.com/blog/an-orb-of-perfection-the-crown-jewel-of-pommard-chaponieres-from-the-master-jj-girard-plus-slb/,an-orb-of-perfection-the-crown-jewel-of-pommard-chaponieres-from-the-master-jj-girard-plus-slb,"An Orb of Perfection – the Crown Jewel of Pommard – Chaponieres from the Master JJ Girard, Plus SLB",,,1790,200,2026-05-05T09:57:05+00:00
https://www.fassselections.com/blog/an-unheralded-value-in-the-cote-de-beaune-the-grand-crus-are-famous-the-1er-crus-are-ignored-by-critics-high-end-value/,an-unheralded-value-in-the-cote-de-beaune-the-grand-crus-are-famous-the-1er-crus-are-ignored-by-critics-high-end-value,"An Unheralded Value in the Côte de Beaune?!? The Grand Crus Are Famous, the 1er Crus Are Ignored by Critics – High End Value",,,1330,200,2026-05-05T09:57:08+00:00
https://www.fassselections.com/blog/arguably-germanys-top-silvaner-weltners-hoheleite-gg-2023-is-perhaps-the-greatest-alliance-of-density-and-elegance/,arguably-germanys-top-silvaner-weltners-hoheleite-gg-2023-is-perhaps-the-greatest-alliance-of-density-and-elegance,Arguably Germany’s Top Silvaner – Weltner’s Hoheleite GG – 2023 Is Perhaps the Greatest Alliance of Density and Elegance,,,1973,200,2026-05-05T09:57:11+00:00
https://www.fassselections.com/blog/arguably-the-greatest-debut-pinot-noir-ever-made-ziereisens-proteges-2019-le-petit-tastes-like-100-cost-under-40/,arguably-the-greatest-debut-pinot-noir-ever-made-ziereisens-proteges-2019-le-petit-tastes-like-100-cost-under-40,"Arguably the Greatest Debut Pinot Noir Ever Made – Ziereisen’s Protege’s 2019 Le Petit – Tastes Like $100+, Cost Under $40",,,1255,200,2026-05-05T09:57:14+00:00
https://www.fassselections.com/blog/arguably-the-greatest-grand-cru-burgundy-value-on-earth-2022-remi-poisot-grand-cru-corton-bressandes/,arguably-the-greatest-grand-cru-burgundy-value-on-earth-2022-remi-poisot-grand-cru-corton-bressandes,Arguably the Greatest Grand Cru Burgundy Value on Earth – 2022 Remi Poisot Grand Cru Corton Bressandes,,,1263,200,2026-05-05T09:57:16+00:00
https://www.fassselections.com/blog/arguably-the-italian-wine-with-the-greatest-combination-of-elegance-density-and-balance-in-our-portfolio/,arguably-the-italian-wine-with-the-greatest-combination-of-elegance-density-and-balance-in-our-portfolio,"Arguably the Italian Wine with the Greatest Combination of Elegance, Density and Balance in our Portfolio",,,1950,200,2026-05-05T09:57:21+00:00
https://www.fassselections.com/blog/arguably-the-most-proper-cote-rotie-sadly-the-final-30-bottles-of-the-greeks-3-sons-bottling-elegant-beyond-belief/,arguably-the-most-proper-cote-rotie-sadly-the-final-30-bottles-of-the-greeks-3-sons-bottling-elegant-beyond-belief,"Arguably, the Most “Proper” Cote Rotie – Sadly the Final 30 Bottles of the Greek’s 3 Sons’ Bottling – Elegant Beyond Belief",,,1528,200,2026-05-05T09:57:24+00:00
https://www.fassselections.com/blog/brissets-2022-cuvee-cassaneas-the-final-leap-tastes-exactly-like-a-1er-cru-chassagne-under-40-on-a-case/,brissets-2022-cuvee-cassaneas-the-final-leap-tastes-exactly-like-a-1er-cru-chassagne-under-40-on-a-case,Brisset’s 2022 “Cuvee Cassaneas” – The Final Leap – Tastes Exactly Like a 1er Cru Chassagne – Under $40 On A Case,,,1366,200,2026-05-05T09:57:27+00:00
https://www.fassselections.com/blog/buffet-2022-volnay-village-and-clos-de-chenes-brilliant-values-for-top-burgundy/,buffet-2022-volnay-village-and-clos-de-chenes-brilliant-values-for-top-burgundy,Buffet 2022 Volnay Village and Clos de Chenes – Brilliant Values for Top Burgundy,,,1903,200,2026-05-05T09:57:30+00:00
https://www.fassselections.com/blog/buffets-carelle-sous-la-chapelle-this-is-pretty-much-textbook-carelle/,buffets-carelle-sous-la-chapelle-this-is-pretty-much-textbook-carelle,Buffet’s “Carelle-Sous la Chapelle” – “This is pretty much textbook Carelle.”,,,1549,200,2026-05-05T09:57:32+00:00
https://www.fassselections.com/blog/cesare-bussolo-unicorn-barbera-the-best-barbera-in-italy-one-of-the-purest-wines-ive-ever-had-only-24-bottles/,cesare-bussolo-unicorn-barbera-the-best-barbera-in-italy-one-of-the-purest-wines-ive-ever-had-only-24-bottles,"Cesare Bussolo’ Unicorn Barbera – The Best Barbera in Italy, One of the Purest Wines I’ve Ever Had – Only 24 Bottles",,,1880,200,2026-05-05T09:57:35+00:00
https://www.fassselections.com/blog/charlie-the-greeks-son-makes-a-brilliant-bdb-300-bottles-made-i-have-48/,charlie-the-greeks-son-makes-a-brilliant-bdb-300-bottles-made-i-have-48,"Charlie (the Greek’s Son) Makes a Brilliant BdB – 300 Bottles Made, I Have 48",,,1164,200,2026-05-05T09:57:38+00:00
https://www.fassselections.com/blog/christoph-walters-clos-st-jacques-the-second-best-wine-i-ever-made-2018-spatburgunder-centgrafenberg-j/,christoph-walters-clos-st-jacques-the-second-best-wine-i-ever-made-2018-spatburgunder-centgrafenberg-j,Christoph Walter’s Clos St. Jacques – “The Second Best Wine I Ever Made” – 2018 Spätburgunder Centgrafenberg “J*,,,1644,200,2026-05-05T09:57:41+00:00
https://www.fassselections.com/blog/crazy-sale-week-offer-3-champagne-lovers-need-to-try-this-best-non-tete-de-cuvee-pinot-blanc-champagne-i-have-ever-had-will-be-a-house-champagne/,crazy-sale-week-offer-3-champagne-lovers-need-to-try-this-best-non-tete-de-cuvee-pinot-blanc-champagne-i-have-ever-had-will-be-a-house-champagne,CRAZY SALE WEEK OFFER # 3 – Champagne Lovers Need to Try This – Best non Tete de Cuvee Pinot Blanc Champagne I Have Ever Had – Will Be a “House Champagne”,,,1116,200,2026-05-05T09:57:44+00:00
https://www.fassselections.com/blog/dampts-2023-vaillons-terrific-1er-cru-for-the-price-of-village-chablis-more-classic-2023-vintage-2/,dampts-2023-vaillons-terrific-1er-cru-for-the-price-of-village-chablis-more-classic-2023-vintage-2,Dampt’s 2023 Vaillons – Terrific 1er Cru for the Price of Village Chablis – More Classic 2023 Vintage,,,1373,200,2026-05-05T09:57:47+00:00
https://www.fassselections.com/blog/dampts-2023-vaillons-terrific-1er-cru-for-the-price-of-village-chablis-more-classic-2023-vintage/,dampts-2023-vaillons-terrific-1er-cru-for-the-price-of-village-chablis-more-classic-2023-vintage,Dampt’s 2023 Vaillons – Terrific 1er Cru for the Price of Village Chablis – More Classic 2023 Vintage,,,1399,200,2026-05-05T09:57:49+00:00
https://www.fassselections.com/blog/dampts-brilliant-1er-cru-beugnons-concrete-egg-takes-it-over-the-top-1-2-the-price-of-lower-quality-3-tier-wines-from-this-vineyard-2/,dampts-brilliant-1er-cru-beugnons-concrete-egg-takes-it-over-the-top-1-2-the-price-of-lower-quality-3-tier-wines-from-this-vineyard-2,Dampt’s Brilliant 1er Cru Beugnons – Concrete Egg Takes it Over the Top – 1/2 the Price of Lower Quality 3 Tier Wines from This Vineyard,,,1735,200,2026-05-05T09:57:52+00:00
https://www.fassselections.com/blog/dampts-brilliant-1er-cru-beugnons-concrete-egg-takes-it-over-the-top-1-2-the-price-of-lower-quality-3-tier-wines-from-this-vineyard/,dampts-brilliant-1er-cru-beugnons-concrete-egg-takes-it-over-the-top-1-2-the-price-of-lower-quality-3-tier-wines-from-this-vineyard,Dampt’s Brilliant 1er Cru Beugnons – Concrete Egg Takes it Over the Top – 1/2 the Price of Lower Quality 3 Tier Wines from This Vineyard,,,1706,200,2026-05-05T09:57:55+00:00
https://www.fassselections.com/blog/elite-village-chablis-now-has-burgundy-prices-100-the-last-elite-village-chablis-for-30-dauvissats-heritage/,elite-village-chablis-now-has-burgundy-prices-100-the-last-elite-village-chablis-for-30-dauvissats-heritage,Elite Village Chablis Now Has Burgundy Prices ($100+) – The Last Elite Village Chablis for $30 – Dauvissat’s Heritage,,,1315,200,2026-05-05T09:57:58+00:00
https://www.fassselections.com/blog/enderle-molls-22-liason-the-best-since-18-our-biggest-selling-red-wine-an-iconic-german-pinot-noir-insane-value-white-17-99-a-case/,enderle-molls-22-liason-the-best-since-18-our-biggest-selling-red-wine-an-iconic-german-pinot-noir-insane-value-white-17-99-a-case,Enderle & Moll’s – 22 Liason – the Best Since 18 – Our Biggest Selling Red Wine – An Iconic German Pinot Noir + Insane Value White – $17.99 a Case!,,,1895,200,2026-05-05T09:58:01+00:00
https://www.fassselections.com/blog/fass-producer-peter-vinding-diers-in-forbes/,fass-producer-peter-vinding-diers-in-forbes,Fass Producer Peter Vinding-Diers in Forbes,,,59,200,2026-05-05T09:58:04+00:00
https://www.fassselections.com/blog/flexing-like-a-wine-professional-2-discoveries-from-lesser-known-regions-that-rock-the-qpr-hierarchy-taurasi-and-a-stunning-greco-riserva/,flexing-like-a-wine-professional-2-discoveries-from-lesser-known-regions-that-rock-the-qpr-hierarchy-taurasi-and-a-stunning-greco-riserva,Flexing like a Wine Professional – 2 Discoveries from Lesser Known Regions That Rock the QPR Hierarchy – Taurasi and a Stunning Greco Riserva,,,1639,200,2026-05-05T09:58:07+00:00
https://www.fassselections.com/blog/for-those-in-the-know-one-of-our-most-important-annual-sparkling-wine-offers-perhaps-our-best-sparkling-rose-barbaglia-2/,for-those-in-the-know-one-of-our-most-important-annual-sparkling-wine-offers-perhaps-our-best-sparkling-rose-barbaglia-2,"For Those in the Know, One of Our Most Important Annual Sparkling Wine Offers – Perhaps Our Best Sparkling Rose – Barbaglia",,,1859,200,2026-05-05T09:58:10+00:00
https://www.fassselections.com/blog/for-those-in-the-know-one-of-our-most-important-annual-sparkling-wine-offers-perhaps-our-best-sparkling-rose-barbaglia/,for-those-in-the-know-one-of-our-most-important-annual-sparkling-wine-offers-perhaps-our-best-sparkling-rose-barbaglia,"For Those in the Know, One of Our Most Important Annual Sparkling Wine Offers – Perhaps Our Best Sparkling Rose – Barbaglia",,,1859,200,2026-05-05T09:58:13+00:00
https://www.fassselections.com/blog/from-his-brilliant-collection-of-2022-kabinetts-steinmetzs-classic-brauneberger-juffer/,from-his-brilliant-collection-of-2022-kabinetts-steinmetzs-classic-brauneberger-juffer,"From His Brilliant Collection of 2022 Kabinetts, Steinmetz’s Classic Brauneberger Juffer",,,1377,200,2026-05-05T09:58:15+00:00
https://www.fassselections.com/blog/from-the-estate-behind-neal-martins-sparkling-wine-of-the-year-a-stunning-complex-blancs-de-blancs-champagne/,from-the-estate-behind-neal-martins-sparkling-wine-of-the-year-a-stunning-complex-blancs-de-blancs-champagne,"From the Estate Behind Neal Martin’s Sparkling wine of the Year, a Stunning, Complex Blancs de Blancs Champagne",,,1538,200,2026-05-05T09:58:20+00:00
https://www.fassselections.com/blog/from-the-estate-behind-neal-martins-sparkling-wine-of-the-year-a-stunning-complex-rose-champagne/,from-the-estate-behind-neal-martins-sparkling-wine-of-the-year-a-stunning-complex-rose-champagne,"From the Estate Behind Neal Martin’s Sparkling wine of the Year, a Stunning, Complex Rose Champagne",,,1286,200,2026-05-05T09:58:23+00:00
https://www.fassselections.com/blog/furios-prize-across-from-cote-rotie-arguably-the-greatest-rhone-value-we-sell-case-purchase-consideration/,furios-prize-across-from-cote-rotie-arguably-the-greatest-rhone-value-we-sell-case-purchase-consideration,"Furio’s Prize – Across from Cote Rotie, Arguably the Greatest Rhone Value We Sell – Case Purchase Consideration",,,1322,200,2026-05-05T09:58:26+00:00
https://www.fassselections.com/blog/german-chardonnay-is-a-new-and-important-category-94-points-under-40-thorles-reserve/,german-chardonnay-is-a-new-and-important-category-94-points-under-40-thorles-reserve,"German Chardonnay Is a New and Important Category – 94 Points, Under $40 – Thorle’s Reserve",,,1616,200,2026-05-05T09:58:28+00:00
https://www.fassselections.com/blog/german-selosse-is-back-late-disgorged-aufricht-the-most-elegant-german-sparkling-wine-ive-ever-had/,german-selosse-is-back-late-disgorged-aufricht-the-most-elegant-german-sparkling-wine-ive-ever-had,German Selosse is Back! – Late Disgorged Aufricht – The Most Elegant German Sparkling Wine I’ve Ever Had,,,1578,200,2026-05-05T09:58:31+00:00
https://www.fassselections.com/blog/girard-does-it-again-91-and-92-point-burghounds-slbs-among-the-last-90-under-40-red-burgundies/,girard-does-it-again-91-and-92-point-burghounds-slbs-among-the-last-90-under-40-red-burgundies,Girard Does It Again – 91 and 92 Point Burghounds SLBs. Among The Last 90+ Under $40 Red Burgundies,,,2012,200,2026-05-05T09:58:34+00:00
https://www.fassselections.com/blog/golden-canary-flawless-the-elegance-from-swiss-terroir-the-brilliance-of-french-winemaking-94-points-at-42-99-an-epic-value/,golden-canary-flawless-the-elegance-from-swiss-terroir-the-brilliance-of-french-winemaking-94-points-at-42-99-an-epic-value,"“Golden Canary” Flawless! The Elegance from Swiss Terroir. The Brilliance of French Winemaking. 94 Points – At $42.99, an Epic Value",,,1995,200,2026-05-05T09:58:37+00:00
https://www.fassselections.com/blog/he-is-making-brilliant-wines-that-transcend-their-status-neal-martin-the-mills-of-god-story-behind-chavy-chouets-rise-to-the-top-2/,he-is-making-brilliant-wines-that-transcend-their-status-neal-martin-the-mills-of-god-story-behind-chavy-chouets-rise-to-the-top-2,"“…..he is making brilliant wines that transcend their status. ” – Neal Martin, The “Mills of God” Story Behind Chavy-Chouet’s Rise to the Top",,,1513,200,2026-05-05T09:58:40+00:00
https://www.fassselections.com/blog/he-is-making-brilliant-wines-that-transcend-their-status-neal-martin-the-mills-of-god-story-behind-chavy-chouets-rise-to-the-top-his-stunning-1er-cru-puligny-champs-gain/,he-is-making-brilliant-wines-that-transcend-their-status-neal-martin-the-mills-of-god-story-behind-chavy-chouets-rise-to-the-top-his-stunning-1er-cru-puligny-champs-gain,"“…..he is making brilliant wines that transcend their status. ” – Neal Martin, The “Mills of God” Story Behind Chavy-Chouet’s Rise to the Top – His Stunning 1er Cru Puligny – Champs Gain",,,1515,200,2026-05-05T09:58:43+00:00
https://www.fassselections.com/blog/he-is-making-brilliant-wines-that-transcend-their-status-neal-martin-the-mills-of-god-story-behind-chavy-chouets-rise-to-the-top/,he-is-making-brilliant-wines-that-transcend-their-status-neal-martin-the-mills-of-god-story-behind-chavy-chouets-rise-to-the-top,"…..he is making brilliant wines that transcend their status. ” – Neal Martin, The “Mills of God” Story Behind Chavy-Chouet’s Rise to the Top",,,1993,200,2026-05-05T09:58:46+00:00
https://www.fassselections.com/blog/how-the-heck-do-you-make-a-wine-that-tastes-like-1er-cru-puligny-in-the-macon-terroir-and-technique-under-32-should-be-100/,how-the-heck-do-you-make-a-wine-that-tastes-like-1er-cru-puligny-in-the-macon-terroir-and-technique-under-32-should-be-100,"How The Heck Do You Make a Wine That Tastes Like 1er Cru Puligny in the Macon? Terroir and Technique – Under $32, Should Be $100+",,,1343,200,2026-05-05T09:58:48+00:00
https://www.fassselections.com/blog/i-cant-stop-thinking-about-this-wine-think-raveneau-grand-cru-les-clos-crushes-almost-every-white-wine-on-earth/,i-cant-stop-thinking-about-this-wine-think-raveneau-grand-cru-les-clos-crushes-almost-every-white-wine-on-earth,I Can’t Stop Thinking About This Wine! Think Raveneau Grand Cru Les Clos – Crushes Almost Every White Wine on Earth,,,1426,200,2026-05-05T09:58:51+00:00
https://www.fassselections.com/blog/i-just-had-this-last-night-i-gave-a-40-langhe-nebbiolo-96-points-this-centuries-old-producer-is-as-good-as-anyone-in-italy/,i-just-had-this-last-night-i-gave-a-40-langhe-nebbiolo-96-points-this-centuries-old-producer-is-as-good-as-anyone-in-italy,I Just Had This Last Night – I Gave a $40 Langhe Nebbiolo 96 Points – This Centuries Old Producer Is As Good As Anyone in Italy,,,2338,200,2026-05-05T09:58:54+00:00
https://www.fassselections.com/blog/i-know-the-vines-like-the-farmer-knows-his-cow-simply-perfectly-made-wines-a-top-swiss-pinot-noir-producer/,i-know-the-vines-like-the-farmer-knows-his-cow-simply-perfectly-made-wines-a-top-swiss-pinot-noir-producer,“I Know the Vines like the Farmer Knows His Cow” – Simply Perfectly Made Wines – A Top Swiss Pinot Noir Producer,,,2322,200,2026-05-05T09:58:57+00:00
https://www.fassselections.com/blog/i-shall-not-look-upon-his-like-again-the-swan-song-from-michelle-luyton-could-not-be-more-perfect-the-singular-2021s-aka-a-throwback-vintage/,i-shall-not-look-upon-his-like-again-the-swan-song-from-michelle-luyton-could-not-be-more-perfect-the-singular-2021s-aka-a-throwback-vintage,. . . I shall not look upon his like again – The Swan Song from Michelle Luyton Could Not be More Perfect – The Singular 2021’s aka a Throwback Vintage,,,2939,200,2026-05-05T09:59:00+00:00
https://www.fassselections.com/blog/if-brisset-made-nebbiolo-if-you-buy-ar-pe-pe-and-dont-own-cases-of-la-badina-you-need-to-re-examine-your-life-choices-one-of-the-best-nebbiolos-made-period/,if-brisset-made-nebbiolo-if-you-buy-ar-pe-pe-and-dont-own-cases-of-la-badina-you-need-to-re-examine-your-life-choices-one-of-the-best-nebbiolos-made-period,"If Brisset Made Nebbiolo – If You Buy Ar.Pe.Pe and Don’t Own Cases of La Badina, You Need to Re Examine Your Life Choices – One of the Best Nebbiolos Made. Period.",,,1736,200,2026-05-05T09:59:03+00:00
https://www.fassselections.com/blog/insane-baby-hermitage-made-by-the-elder-greek-92-94-points-under-45-from-crozes-hermitage/,insane-baby-hermitage-made-by-the-elder-greek-92-94-points-under-45-from-crozes-hermitage,"Insane Baby Hermitage Made by The Elder Greek – 92-94 Points, Under $45 (from Crozes Hermitage)",,,1322,200,2026-05-05T09:59:06+00:00
https://www.fassselections.com/blog/insane-meursault-1er-cru-caillerets-under-70-one-of-my-favorite-vineyards-one-of-our-best-high-end-burgundies-under-70/,insane-meursault-1er-cru-caillerets-under-70-one-of-my-favorite-vineyards-one-of-our-best-high-end-burgundies-under-70,"Insane Meursault 1er Cru Caillerets Under $70 – One of My Favorite Vineyards – One of Our Best High End Burgundies, Under $70",,,1318,200,2026-05-05T09:59:09+00:00
https://www.fassselections.com/blog/insane-meursault-1er-cru-caillerets-under-70-one-of-my-favorite-vineyards-one-of-our-best-high-end-burgundies-under/,insane-meursault-1er-cru-caillerets-under-70-one-of-my-favorite-vineyards-one-of-our-best-high-end-burgundies-under,"Insane Meursault 1er Cru Caillerets Under $70 – One of My Favorite Vineyards – One of Our Best High End Burgundies, Under",,,1296,200,2026-05-05T09:59:12+00:00
https://www.fassselections.com/blog/insider-wine-high-scoring-cote-rotie-from-billon-starting-in-2020-approachable-young-and-he-took-the-leap/,insider-wine-high-scoring-cote-rotie-from-billon-starting-in-2020-approachable-young-and-he-took-the-leap,"Insider Wine – High Scoring Cote Rotie from Billon – Starting in 2020, Approachable Young AND He Took “The Leap”",,,1533,200,2026-05-05T09:59:15+00:00
https://www.fassselections.com/blog/intellectual-interest-wrapped-in-hedonism-98-points-one-of-germanys-great-vineyards/,intellectual-interest-wrapped-in-hedonism-98-points-one-of-germanys-great-vineyards,"Intellectual Interest Wrapped in Hedonism – 98 Points, One of Germany’s Great Vineyards",,,1836,200,2026-05-05T09:59:18+00:00
https://www.fassselections.com/blog/it-might-be-the-closest-thing-to-an-older-rayas-jeb-97-point-cdp-from-the-greek/,it-might-be-the-closest-thing-to-an-older-rayas-jeb-97-point-cdp-from-the-greek,“It might be the closest thing to an older Rayas . . .” (Jeb) – 97 Point CDP from the Greek,,,1495,200,2026-05-05T09:59:21+00:00
https://www.fassselections.com/blog/its-finally-here-one-of-the-best-2021-red-burgundies-i-tasted-out-of-barrel-ledys-otherworldly-2021-nsg-1er-cru-les-porets-st-georges/,its-finally-here-one-of-the-best-2021-red-burgundies-i-tasted-out-of-barrel-ledys-otherworldly-2021-nsg-1er-cru-les-porets-st-georges,It’s Finally Here. One of The Best 2021 Red Burgundies I Tasted Out Of Barrel – Ledy’s Otherworldly 2021 NSG 1er Cru “Les Porets St. Georges!”,,,1869,200,2026-05-05T09:59:24+00:00
https://www.fassselections.com/blog/jasper-morris-speaks-fantastic-2022-rebourgeon-village-pommard-1-2-the-price-of-negociant-pommard-and-much-better/,jasper-morris-speaks-fantastic-2022-rebourgeon-village-pommard-1-2-the-price-of-negociant-pommard-and-much-better,Jasper Morris Speaks! Fantastic 2022 Rebourgeon Village Pommard – 1/2 the Price of Negociant Pommard and Much Better,,,1886,200,2026-05-05T09:59:26+00:00
https://www.fassselections.com/blog/laibles-achat-a-favorite-of-the-riesling-geeks-one-of-my-favorite-wines-a-work-of-art-2/,laibles-achat-a-favorite-of-the-riesling-geeks-one-of-my-favorite-wines-a-work-of-art-2,"Laible’s Achat – A Favorite of the Riesling Geeks, One of My Favorite Wines, A Work of Art",,,1551,200,2026-05-05T09:59:29+00:00
https://www.fassselections.com/blog/laibles-achat-a-favorite-of-the-riesling-geeks-one-of-my-favorite-wines-a-work-of-art/,laibles-achat-a-favorite-of-the-riesling-geeks-one-of-my-favorite-wines-a-work-of-art,"Laible’s Achat – A Favorite of the Riesling Geeks, One of My Favorite Wines, A Work of Art",,,1551,200,2026-05-05T09:59:32+00:00
https://www.fassselections.com/blog/laibles-ulysses-2022-stollenberg-arguably-his-top-wine-our-best-qpr-vdp-grosses-gewachs-at-43-99/,laibles-ulysses-2022-stollenberg-arguably-his-top-wine-our-best-qpr-vdp-grosses-gewachs-at-43-99,Laible’s Ulysses – 2022 Stollenberg – Arguably His Top Wine – Our Best QPR VDP Grosses Gewachs at $43.99,,,1532,200,2026-05-05T09:59:35+00:00
https://www.fassselections.com/blog/ledys-triumphant-hcdn-drinks-like-a-brilliant-nsg-village-wine-under-40-21-vintage/,ledys-triumphant-hcdn-drinks-like-a-brilliant-nsg-village-wine-under-40-21-vintage,Ledy’s Triumphant HCDN – drinks like a brilliant NSG village wine – Under $40 – 21 Vintage,,,1303,200,2026-05-05T09:59:38+00:00
https://www.fassselections.com/blog/limited-list-gg-koppel-that-shows-the-full-potential-of-wehrheim-on-release-only-36-bottles/,limited-list-gg-koppel-that-shows-the-full-potential-of-wehrheim-on-release-only-36-bottles,LIMITED LIST – GG Koppel That Shows the Full Potential of Wehrheim on Release – Only 36 Bottles,,,1804,200,2026-05-05T09:59:40+00:00
https://www.fassselections.com/blog/limited-quantities-of-dauvissat-2022-1er-cru-chablis-these-will-be-allocated/,limited-quantities-of-dauvissat-2022-1er-cru-chablis-these-will-be-allocated,Limited Quantities of Dauvissat 2022 1er Cru Chablis – These Will be Allocated,,,2116,200,2026-05-05T09:59:43+00:00
https://www.fassselections.com/blog/my-eye-opener-of-the-year-batard-montrachet-quality-in-germany-41-99-a-bottle-laibles-am-buhl-chardonnay-gg/,my-eye-opener-of-the-year-batard-montrachet-quality-in-germany-41-99-a-bottle-laibles-am-buhl-chardonnay-gg,My “Eye Opener” of the Year – Batard Montrachet Quality in Germany – $41.99 a Bottle – Laible’s Am Buhl Chardonnay GG,,,1250,200,2026-05-05T09:59:46+00:00
https://www.fassselections.com/blog/my-first-fass-selections-wine-a-collaboration-with-charlie-the-apogee-of-fassiness-of-course-one-of-the-great-values-weve-sold-2/,my-first-fass-selections-wine-a-collaboration-with-charlie-the-apogee-of-fassiness-of-course-one-of-the-great-values-weve-sold-2,"My First Fass Selections Wine – A Collaboration with Charlie – The Apogee of Fassiness, Of Course, One of the Great Values We’ve Sold",,,1347,200,2026-05-05T09:59:49+00:00
https://www.fassselections.com/blog/my-first-fass-selections-wine-a-collaboration-with-charlie-the-apogee-of-fassiness-of-course-one-of-the-great-values-weve-sold/,my-first-fass-selections-wine-a-collaboration-with-charlie-the-apogee-of-fassiness-of-course-one-of-the-great-values-weve-sold,"My First Fass Selections Wine – A Collaboration with Charlie – The Apogee of Fassiness, Of Course, One of the Great Values We’ve Sold",,,1360,200,2026-05-05T09:59:52+00:00
https://www.fassselections.com/blog/new-guest-offer-my-kindred-spirit-dave-desimeone-the-brilliance-of-buffet-village-and-1er-cru-pommard/,new-guest-offer-my-kindred-spirit-dave-desimeone-the-brilliance-of-buffet-village-and-1er-cru-pommard,New Guest Offer – My Kindred Spirit – Dave DeSimeone – The Brilliance of Buffet – Village and 1er Cru Pommard,,,1926,200,2026-05-05T09:59:55+00:00
https://www.fassselections.com/blog/new-yorks-most-heralded-northen-italian-retailer-motalli-renato-is-your-greatest-discovery-i-wish-i-had-found-them-myself-corrected/,new-yorks-most-heralded-northen-italian-retailer-motalli-renato-is-your-greatest-discovery-i-wish-i-had-found-them-myself-corrected,New York’s Most Heralded Northen Italian Retailer: “Motalli Renato is your greatest discovery – I wish I had found them myself.” (CORRECTED),,,2899,200,2026-05-05T09:59:58+00:00
https://www.fassselections.com/blog/new-yorks-most-heralded-northen-italian-retailer-motalli-renato-is-your-greatest-discovery-i-wish-i-had-found-them-myself/,new-yorks-most-heralded-northen-italian-retailer-motalli-renato-is-your-greatest-discovery-i-wish-i-had-found-them-myself,New York’s Most Heralded Northen Italian Retailer: “Motalli Renato is your greatest discovery – I wish I had found them myself.”,,,2887,200,2026-05-05T10:00:01+00:00
https://www.fassselections.com/blog/once-in-a-lifetime-stefan-steinmetz-makes-a-historic-kabinett-from-this-gg-quality-vineyard-for-the-first-time-long-story/,once-in-a-lifetime-stefan-steinmetz-makes-a-historic-kabinett-from-this-gg-quality-vineyard-for-the-first-time-long-story,Once in a Lifetime? Stefan Steinmetz Makes a Historic Kabinett from this GG Quality Vineyard for the First Time (Long Story),,,1223,200,2026-05-05T10:00:07+00:00
https://www.fassselections.com/blog/one-of-our-top-german-rieslings-dr-wehrheims-kastanienbusch-97-points-under-60/,one-of-our-top-german-rieslings-dr-wehrheims-kastanienbusch-97-points-under-60,"One of Our Top German Rieslings – Dr. Wehrheim’s Kastanienbusch – 97 Points, Under $60",,,1759,200,2026-05-05T10:00:10+00:00
https://www.fassselections.com/blog/one-of-the-great-values-in-grand-cru-burgundy-dampts-bougros-always-spectacular/,one-of-the-great-values-in-grand-cru-burgundy-dampts-bougros-always-spectacular,One of the Great Values in Grand Cru Burgundy – Dampt’s Bougros – Always Spectacular,,,1473,200,2026-05-05T10:00:14+00:00
https://www.fassselections.com/blog/one-of-the-greatest-cdps-ever-made-the-greeks-consistently-top-scoring-ridiculously-elegant-cdp/,one-of-the-greatest-cdps-ever-made-the-greeks-consistently-top-scoring-ridiculously-elegant-cdp,"One of the Greatest CDPs Ever Made – The Greek’s Consistently Top Scoring, Ridiculously Elegant CDP",,,1042,200,2026-05-05T10:00:16+00:00
https://www.fassselections.com/blog/one-of-the-greatest-under-30-red-wines-on-earth-wine-advocates-stephan-reinhardt-loves-this-ziereisen-pinot-noir-2/,one-of-the-greatest-under-30-red-wines-on-earth-wine-advocates-stephan-reinhardt-loves-this-ziereisen-pinot-noir-2,One of the Greatest Under $30 Red Wines on Earth – Wine Advocate’s Stephan Reinhardt Loves This Ziereisen Pinot Noir,,,1382,200,2026-05-05T10:00:20+00:00
https://www.fassselections.com/blog/one-of-the-greatest-under-30-red-wines-on-earth-wine-advocates-stephan-reinhardt-loves-this-ziereisen-pinot-noir/,one-of-the-greatest-under-30-red-wines-on-earth-wine-advocates-stephan-reinhardt-loves-this-ziereisen-pinot-noir,One of the Greatest Under $30 Red Wines on Earth – Wine Advocate’s Stephan Reinhardt Loves This Ziereisen Pinot Noir,,,1382,200,2026-05-05T10:00:22+00:00
https://www.fassselections.com/blog/one-of-the-hottest-names-in-champagne-almost-50-off-of-retail-prices-2/,one-of-the-hottest-names-in-champagne-almost-50-off-of-retail-prices-2,One of the Hottest Names in Champagne – Almost 50% off of Retail Prices,,,2045,200,2026-05-05T10:00:25+00:00
https://www.fassselections.com/blog/one-of-the-hottest-names-in-champagne-almost-50-off-of-retail-prices/,one-of-the-hottest-names-in-champagne-almost-50-off-of-retail-prices,One of the Hottest Names in Champagne – Almost 50% off of Retail Prices,,,2045,200,2026-05-05T10:00:28+00:00
https://www.fassselections.com/blog/one-of-the-lowest-price-pommards-in-the-us-from-star-winemaker-william-whitehead-brilliant-22-collection-2/,one-of-the-lowest-price-pommards-in-the-us-from-star-winemaker-william-whitehead-brilliant-22-collection-2,One of the Lowest Price Pommards in the US – from Star Winemaker William Whitehead – Brilliant 22 Collection,,,1521,200,2026-05-05T10:00:31+00:00
https://www.fassselections.com/blog/one-of-the-lowest-price-pommards-in-the-us-from-star-winemaker-william-whitehead-brilliant-22-collection/,one-of-the-lowest-price-pommards-in-the-us-from-star-winemaker-william-whitehead-brilliant-22-collection,One of the Lowest Price Pommards in the US – from Star Winemaker William Whitehead – Brilliant 22 Collection,,,1522,200,2026-05-05T10:00:34+00:00
https://www.fassselections.com/blog/one-of-the-top-8-german-pinot-noirs-of-my-life-walters-best-wine-ever-2019-hundsruck/,one-of-the-top-8-german-pinot-noirs-of-my-life-walters-best-wine-ever-2019-hundsruck,One of the Top 8 German Pinot Noirs of My Life – Walter’s Best Wine Ever – 2019 Hündsruck,,,1827,200,2026-05-05T10:00:37+00:00
https://www.fassselections.com/blog/our-3rd-guest-offer-the-biggest-sleeper-champagne-in-our-book-by-the-inimitable-christopher-willenken/,our-3rd-guest-offer-the-biggest-sleeper-champagne-in-our-book-by-the-inimitable-christopher-willenken,Our 3rd Guest Offer – The Biggest Sleeper Champagne in Our Book By The Inimitable Christopher Willenken,,,1196,200,2026-05-05T10:00:40+00:00
https://www.fassselections.com/blog/our-macon-superstars-top-wine-reminds-me-of-puligny-at-macon-prices-plus-an-aligote-which-is-very-hard-to-source-these-days-2/,our-macon-superstars-top-wine-reminds-me-of-puligny-at-macon-prices-plus-an-aligote-which-is-very-hard-to-source-these-days-2,Our Macon Superstar’s Top Wine – Reminds Me of Puligny at Macon Prices – Plus an Aligote (Which Is Very Hard to Source These Days),,,1585,200,2026-05-05T10:00:42+00:00
https://www.fassselections.com/blog/our-macon-superstars-top-wine-reminds-me-of-puligny-at-macon-prices-plus-an-aligote-which-is-very-hard-to-source-these-days/,our-macon-superstars-top-wine-reminds-me-of-puligny-at-macon-prices-plus-an-aligote-which-is-very-hard-to-source-these-days,Our Macon Superstar’s Top Wine – Reminds Me of Puligny at Macon Prices – Plus an Aligote (Which Is Very Hard to Source These Days),,,1584,200,2026-05-05T10:00:45+00:00
https://www.fassselections.com/blog/our-most-allocated-and-in-demand-italian-wine-the-next-alto-piemonte-superstar-from-the-chambolle-musigny-of-alto-piedmont-carema/,our-most-allocated-and-in-demand-italian-wine-the-next-alto-piemonte-superstar-from-the-chambolle-musigny-of-alto-piedmont-carema,"Our Most Allocated and in Demand Italian Wine: The Next Alto Piemonte Superstar – from the Chambolle Musigny of Alto Piedmont, Carema",,,1814,200,2026-05-05T10:00:48+00:00
https://www.fassselections.com/blog/our-white-wine-of-the-year-dauvissats-2022-bas-de-fourchaume-now-firmly-in-the-top-3-and-a-ridiculous-value/,our-white-wine-of-the-year-dauvissats-2022-bas-de-fourchaume-now-firmly-in-the-top-3-and-a-ridiculous-value,Our White Wine of the Year – Dauvissat’s 2022 “Bas de Fourchaume” – Now Firmly in the Top 3 and a Ridiculous Value,,,1148,200,2026-05-05T10:00:51+00:00
https://www.fassselections.com/blog/perhaps-stefans-most-elegant-wine-a-jewel-of-a-micro-parcel-in-piesporter-goldtropfchen-plus-92-point-geeky-red/,perhaps-stefans-most-elegant-wine-a-jewel-of-a-micro-parcel-in-piesporter-goldtropfchen-plus-92-point-geeky-red,Perhaps Stefan’s Most Elegant Wine: A Jewel of a Micro Parcel in Piesporter Goldtropfchen Plus 92 Point Geeky Red,,,2364,200,2026-05-05T10:00:54+00:00
https://www.fassselections.com/blog/perseval-farge-jean-baptiste-brut-1er-cru-one-of-the-4-horsemen-one-of-the-best-champagnes-that-we-sell-its-all-about-the-mousse/,perseval-farge-jean-baptiste-brut-1er-cru-one-of-the-4-horsemen-one-of-the-best-champagnes-that-we-sell-its-all-about-the-mousse,Perseval Farge Jean Baptiste Brut 1er Cru – One of the 4 Horsemen – One of the Best Champagnes That We Sell – It’s All About the Mousse,,,1877,200,2026-05-05T10:00:57+00:00
https://www.fassselections.com/blog/pico-production-pico-yielding-genius-wines-yes-2020-is-the-current-release/,pico-production-pico-yielding-genius-wines-yes-2020-is-the-current-release,"Pico Production, Pico Yielding Genius Wines – Yes 2020 Is the Current Release",,,2053,200,2026-05-05T10:01:00+00:00
https://www.fassselections.com/blog/premier-cru-taillepieds-from-buffet-90-93-points-from-stingy-burghound-1-3-1-2-the-price-of-comparable-taillepieds/,premier-cru-taillepieds-from-buffet-90-93-points-from-stingy-burghound-1-3-1-2-the-price-of-comparable-taillepieds,Premier Cru Taillepieds from Buffet – 90-93 Points from Stingy Burghound- 1/3-1/2 the Price of Comparable Taillepieds,,,2031,200,2026-05-05T10:01:03+00:00
https://www.fassselections.com/blog/premier-cru-taillepieds-from-buffet-91-93-points-from-stingy-jasper-morris-1-3-1-2-the-price-of-comparable-taillepieds/,premier-cru-taillepieds-from-buffet-91-93-points-from-stingy-jasper-morris-1-3-1-2-the-price-of-comparable-taillepieds,Premier Cru Taillepieds from Buffet – 91-93 Points from Stingy Jasper Morris – 1/3-1/2 the Price of Comparable Taillepieds,,,1941,200,2026-05-05T10:01:06+00:00
https://www.fassselections.com/blog/red-wine-of-the-year-swiss-pinot-noir-from-the-french-region-under-35-on-a-case-drinks-like-100star-fabrice-simonet/,red-wine-of-the-year-swiss-pinot-noir-from-the-french-region-under-35-on-a-case-drinks-like-100star-fabrice-simonet,"Red Wine of the Year – Swiss Pinot Noir from the French Region – Under $35 on a Case, Drinks like $100+star Fabrice Simonet",,,1308,200,2026-05-05T10:01:09+00:00
https://www.fassselections.com/blog/rocche-de-barbari-barbaresco-alvio-riserva-from-the-legendary-2016-vintage-these-compete-with-the-best-wines-in-the-langhe/,rocche-de-barbari-barbaresco-alvio-riserva-from-the-legendary-2016-vintage-these-compete-with-the-best-wines-in-the-langhe,Rocche de Barbari Barbaresco Alvio Riserva from the Legendary 2016 Vintage – These Compete with the Best Wines in the Langhe,,,1986,200,2026-05-05T10:01:12+00:00
https://www.fassselections.com/blog/small-allocations-ziereisen-chardonnay-94-points-and-pinot-gris-95-points/,small-allocations-ziereisen-chardonnay-94-points-and-pinot-gris-95-points,Small Allocations: Ziereisen Chardonnay (94+ Points) and Pinot Gris (95 Points),,,1947,200,2026-05-05T10:01:14+00:00
https://www.fassselections.com/blog/some-of-the-most-elegant-brunellos-made-95-points-heralded-2019-vintage-likely-our-only-2019-brunello-offer-2/,some-of-the-most-elegant-brunellos-made-95-points-heralded-2019-vintage-likely-our-only-2019-brunello-offer-2,Some of the Most Elegant Brunellos made – 95 points. Heralded 2019 Vintage – Likely Our Only 2019 Brunello Offer,,,1303,200,2026-05-05T10:01:17+00:00
https://www.fassselections.com/blog/some-of-the-most-elegant-brunellos-made-95-points-heralded-2019-vintage-likely-our-only-2019-brunello-offer/,some-of-the-most-elegant-brunellos-made-95-points-heralded-2019-vintage-likely-our-only-2019-brunello-offer,Some of the Most Elegant Brunellos made – 95 points. Heralded 2019 Vintage – Likely Our Only 2019 Brunello Offer,,,1302,200,2026-05-05T10:01:20+00:00
https://www.fassselections.com/blog/special-enderle-moll-grand-cru-back-vintages-from-florian-molls-personal-stash/,special-enderle-moll-grand-cru-back-vintages-from-florian-molls-personal-stash,Special Enderle & Moll Grand Cru Back Vintages From Florian Moll’s Personal Stash,,,1148,200,2026-05-05T10:01:23+00:00
https://www.fassselections.com/blog/spectacular-steinmetz-kabinett-from-red-slate-very-distinctive-mineral-spiciness-perfect-balance-among-the-best-kabinetts-in-the-mosel/,spectacular-steinmetz-kabinett-from-red-slate-very-distinctive-mineral-spiciness-perfect-balance-among-the-best-kabinetts-in-the-mosel,"Spectacular Steinmetz Kabinett – from Red Slate – Very Distinctive Mineral Spiciness, Perfect Balance – Among the Best Kabinetts in the Mosel",,,1332,200,2026-05-05T10:01:26+00:00
https://www.fassselections.com/blog/stefan-steimmetz-unties-the-gordian-knot-2023-piesporter-goldtropfchen-kabinett-one-of-the-finest-kabinetts-ive-ever-had/,stefan-steimmetz-unties-the-gordian-knot-2023-piesporter-goldtropfchen-kabinett-one-of-the-finest-kabinetts-ive-ever-had,Stefan Steimmetz Unties the Gordian Knot – 2023 Piesporter Goldtropfchen Kabinett – One of the Finest Kabinett’s I’ve Ever Had,,,1503,200,2026-05-05T10:01:29+00:00
https://www.fassselections.com/blog/stefans-ode-to-coche-dury-his-meursault-1er-cru-perrieres-aka-hofberger-reserve-97-points-under-45-on-a-case-do-not-miss-thisstefans-ode-to-coche-dury-his-meursault-1er-cru-perrier/,stefans-ode-to-coche-dury-his-meursault-1er-cru-perrieres-aka-hofberger-reserve-97-points-under-45-on-a-case-do-not-miss-thisstefans-ode-to-coche-dury-his-meursault-1er-cru-perrier,"Stefan’s Ode to Coche-Dury – His “Meursault 1er Cru Perrieres” aka Hofberger Reserve- 97 Points, Under $45 On a Case – DO NOT MISS THIS!Stefan’s Ode to Coche-Dury – His “Meursault 1er Cru Perrieres” aka Hofberger Reserve- 97 Points, Under $45 On a Case – DO NOT MISS THIS!",,,1297,200,2026-05-05T10:01:32+00:00
https://www.fassselections.com/blog/stunning-complex-and-made-mostly-from-obscure-and-rare-grapes-a-champagne-geeks-dream-perseval-farge/,stunning-complex-and-made-mostly-from-obscure-and-rare-grapes-a-champagne-geeks-dream-perseval-farge,"Stunning, Complex and Made Mostly from Obscure and Rare Grapes – A Champagne Geek’s Dream! Perseval Farge",,,2401,200,2026-05-05T10:01:34+00:00
https://www.fassselections.com/blog/the-3-lelektsoglou-brothers-second-cote-rotie-only-place-to-get-this-other-than-their-store-major-collectors-item/,the-3-lelektsoglou-brothers-second-cote-rotie-only-place-to-get-this-other-than-their-store-major-collectors-item,The 3 Lelektsoglou Brothers’ Second Côte Rôtie – Only Place to Get This Other than Their Store – Major Collectors’ Item,,,1501,200,2026-05-05T10:01:37+00:00
https://www.fassselections.com/blog/the-best-a-tier-vineyard-value-in-elite-cdn-grand-cru-burgundy-by-far-remi-poisots-100-point-10-0-lyle-fass-a-transcendent-corton-charlemagne-from-our-micro-producer-star-remi-poisot/,the-best-a-tier-vineyard-value-in-elite-cdn-grand-cru-burgundy-by-far-remi-poisots-100-point-10-0-lyle-fass-a-transcendent-corton-charlemagne-from-our-micro-producer-star-remi-poisot,The Best “A Tier” Vineyard Value in Elite CDN Grand Cru Burgundy By Far – Remi Poisot’s 100 Point (10.0 Lyle Fass) + A Transcendent Corton Charlemagne from Our Micro Producer Star – Remi Poisot,,,1814,200,2026-05-05T10:01:40+00:00
https://www.fassselections.com/blog/the-best-a-tier-vineyard-value-in-elite-cote-de-nuits-grand-cru-burgundy-by-far-remi-poisots-100-point-10-0-lyle-fass-delectable-romanee-st-vivant-pinot-noir-magic/,the-best-a-tier-vineyard-value-in-elite-cote-de-nuits-grand-cru-burgundy-by-far-remi-poisots-100-point-10-0-lyle-fass-delectable-romanee-st-vivant-pinot-noir-magic,The Best “A Tier” Vineyard Value in Elite Cote de Nuits Grand Cru Burgundy By Far – Remi Poisot’s 100 Point (10.0 Lyle Fass Delectable) Romanee St. Vivant – Pinot Noir Magic,,,1391,200,2026-05-05T10:01:43+00:00
https://www.fassselections.com/blog/the-best-quality-price-ratio-in-all-of-st-joseph-absurd-these-are-32-a-bottle-2/,the-best-quality-price-ratio-in-all-of-st-joseph-absurd-these-are-32-a-bottle-2,The Best Quality Price Ratio in All of St. Joseph – Absurd These are $32 A Bottle,,,2061,200,2026-05-05T10:01:46+00:00
https://www.fassselections.com/blog/the-best-quality-price-ratio-in-all-of-st-joseph-absurd-these-are-32-a-bottle/,the-best-quality-price-ratio-in-all-of-st-joseph-absurd-these-are-32-a-bottle,The Best Quality Price Ratio in All of St. Joseph – Absurd These are $32 A Bottle,,,2059,200,2026-05-05T10:01:49+00:00
https://www.fassselections.com/blog/the-best-rose-champagne-value-of-all-time-from-the-estate-behind-neal-martins-sparkling-wine-of-the-year-a-stunning-complex-rose-champagne-fass-selction-done-post/,the-best-rose-champagne-value-of-all-time-from-the-estate-behind-neal-martins-sparkling-wine-of-the-year-a-stunning-complex-rose-champagne-fass-selction-done-post,"The Best Rose Champagne Value of All Time – From the Estate Behind Neal Martin’s Sparkling wine of the Year, a Stunning, Complex Rose Champagne Fass Selction Done Post",,,1493,200,2026-05-05T10:01:52+00:00
https://www.fassselections.com/blog/the-best-value-german-pinot-maybe-ever-on-time-travel-value-and-complexity-a-new-entry-in-best-value-pinot-noir-in-germany-sweepstakes/,the-best-value-german-pinot-maybe-ever-on-time-travel-value-and-complexity-a-new-entry-in-best-value-pinot-noir-in-germany-sweepstakes,"The Best Value German Pinot Maybe…Ever? – On Time Travel, Value and Complexity – A New Entry in Best Value Pinot Noir in Germany Sweepstakes",,,1326,200,2026-05-05T10:01:54+00:00
https://www.fassselections.com/blog/the-best-value-volnay-1er-cru-taillepieds-of-all-time-58/,the-best-value-volnay-1er-cru-taillepieds-of-all-time-58,The Best Value Volnay 1er Cru “Taillepieds” Of All Time – $58!,,,1774,200,2026-05-05T10:01:57+00:00
https://www.fassselections.com/blog/the-best-value-volnay-1er-cru/,the-best-value-volnay-1er-cru,The Best Value Volnay 1er Cru “Taillepieds” Of All Time – $58!,,,1719,200,2026-05-05T10:02:00+00:00
https://www.fassselections.com/blog/the-biggest-sleeper-german-pinot-in-our-book-the-quiet-genius/,the-biggest-sleeper-german-pinot-in-our-book-the-quiet-genius,The Biggest Sleeper German Pinot in Our Book – The Quiet Genius,,,1719,200,2026-05-05T10:02:03+00:00
https://www.fassselections.com/blog/the-birth-of-athena-2-northern-rhone-super-cuvees-i-gave-the-red-a-9-8-one-of-the-best-wines-i-drank-last-year-2/,the-birth-of-athena-2-northern-rhone-super-cuvees-i-gave-the-red-a-9-8-one-of-the-best-wines-i-drank-last-year-2,The Birth of Athena – 2 Northern Rhone Super Cuvees – I Gave the Red a 9.8 – One of the Best Wines I Drank Last Year!,,,2184,200,2026-05-05T10:02:06+00:00
https://www.fassselections.com/blog/the-birth-of-athena-2-northern-rhone-super-cuvees-i-gave-the-red-a-9-8-one-of-the-best-wines-i-drank-last-year/,the-birth-of-athena-2-northern-rhone-super-cuvees-i-gave-the-red-a-9-8-one-of-the-best-wines-i-drank-last-year,The Birth of Athena – 2 Northern Rhone Super Cuvees – I Gave the Red a 9.8 – One of the Best Wines I Drank Last Year!,,,2186,200,2026-05-05T10:02:09+00:00
https://www.fassselections.com/blog/the-chambertin-of-germany-arguably-the-greatest-german-pinot-ive-ever-had-ems-super-cuvee-of-top-plots/,the-chambertin-of-germany-arguably-the-greatest-german-pinot-ive-ever-had-ems-super-cuvee-of-top-plots,The Chambertin of Germany – Arguably the Greatest German Pinot I’ve Ever Had. E&M’s Super Cuvee of Top Plots,,,1109,200,2026-05-05T10:02:12+00:00
https://www.fassselections.com/blog/the-closest-wines-ive-had-in-champagne-to-brisset-an-entree-into-the-normally-unaffordable-world-of-top-tier-grower-champagne/,the-closest-wines-ive-had-in-champagne-to-brisset-an-entree-into-the-normally-unaffordable-world-of-top-tier-grower-champagne,The Closest Wines I’ve Had in Champagne to Brisset – An Entree into the Normally Unaffordable World of Top Tier Grower Champagne,,,2046,200,2026-05-05T10:02:15+00:00
https://www.fassselections.com/blog/the-cultiest-wines-that-we-sell-2022-enderle-moll-muschelkalk-and-bundstanstei/,the-cultiest-wines-that-we-sell-2022-enderle-moll-muschelkalk-and-bundstanstei,The Cultiest Wines that We Sell – 2022 Enderle & Moll Muschelkalk and Bundstanstei,,,1347,200,2026-05-05T10:02:18+00:00
https://www.fassselections.com/blog/the-cultiest-wines-that-we-sell-2022-enderle-moll-muschelkalk-and-bundstanstein/,the-cultiest-wines-that-we-sell-2022-enderle-moll-muschelkalk-and-bundstanstein,The Cultiest Wines that We Sell – 2022 Enderle & Moll Muschelkalk and Bundstanstein,,,1449,200,2026-05-05T10:02:21+00:00
https://www.fassselections.com/blog/the-day-has-finally-arrived-sven-enderles-new-estate-first-global-offer-of-his-first-pinot-noir-2/,the-day-has-finally-arrived-sven-enderles-new-estate-first-global-offer-of-his-first-pinot-noir-2,The Day Has Finally Arrived – Sven Enderle’s New Estate ﻿- First Global Offer of His First Pinot Noir,,,1875,200,2026-05-05T10:02:24+00:00
https://www.fassselections.com/blog/the-day-has-finally-arrived-sven-enderles-new-estate-first-global-offer-of-his-first-pinot-noir/,the-day-has-finally-arrived-sven-enderles-new-estate-first-global-offer-of-his-first-pinot-noir,The Day Has Finally Arrived – Sven Enderle’s New Estate ﻿- First Global Offer of His First Pinot Noir,,,1905,200,2026-05-05T10:02:27+00:00
https://www.fassselections.com/blog/the-emperors-underwear-where-i-taste-2-blingy-unicorn-champagnes-and-realize-that-perseval-farge-jean-baptiste-is-better-at-15-25-of-the-price/,the-emperors-underwear-where-i-taste-2-blingy-unicorn-champagnes-and-realize-that-perseval-farge-jean-baptiste-is-better-at-15-25-of-the-price,The “Emperor’s Underwear” – Where I Taste 2 Blingy “Unicorn” Champagnes and Realize that Perseval Farge Jean Baptiste Is Better at 15-25% of the Price,,,2018,200,2026-05-05T10:02:29+00:00
https://www.fassselections.com/blog/the-first-grand-cru-offer-in-the-world-from-sven-enderles-new-estate-one-of-the-laciest-pinot-noirs-ive-ever-had-2/,the-first-grand-cru-offer-in-the-world-from-sven-enderles-new-estate-one-of-the-laciest-pinot-noirs-ive-ever-had-2,The First Grand Cru Offer in the World from Sven Enderle’s New Estate – One of the Laciest Pinot Noirs I’ve Ever Had,,,1150,200,2026-05-05T10:02:32+00:00
https://www.fassselections.com/blog/the-first-grand-cru-offer-in-the-world-from-sven-enderles-new-estate-one-of-the-laciest-pinot-noirs-ive-ever-had-3/,the-first-grand-cru-offer-in-the-world-from-sven-enderles-new-estate-one-of-the-laciest-pinot-noirs-ive-ever-had-3,The First Grand Cru Offer in the World from Sven Enderle’s New Estate – One of the Laciest Pinot Noirs I’ve Ever Had,,,1150,200,2026-05-05T10:02:35+00:00
https://www.fassselections.com/blog/the-first-grand-cru-offer-in-the-world-from-sven-enderles-new-estate-one-of-the-laciest-pinot-noirs-ive-ever-had/,the-first-grand-cru-offer-in-the-world-from-sven-enderles-new-estate-one-of-the-laciest-pinot-noirs-ive-ever-had,The First Grand Cru Offer in the World from Sven Enderle’s New Estate – One of the Laciest Pinot Noirs I’ve Ever Had,,,1154,200,2026-05-05T10:02:38+00:00
https://www.fassselections.com/blog/the-frodo-baggins-of-the-n-rhone-unassuming-unheralded-brilliant-among-our-best-value-top-tier-aocs-cote-rotie-and-condrieu/,the-frodo-baggins-of-the-n-rhone-unassuming-unheralded-brilliant-among-our-best-value-top-tier-aocs-cote-rotie-and-condrieu,"The Frodo Baggins of the N Rhone – Unassuming, Unheralded, Brilliant – Among Our Best Value Top Tier AOCs (Cote Rotie and Condrieu)",,,2055,200,2026-05-05T10:02:41+00:00
https://www.fassselections.com/blog/the-grand-cru-of-pommard-rugiens-plus-stunning-volnay-enter-2022-drinking-beautifully-and-will-age/,the-grand-cru-of-pommard-rugiens-plus-stunning-volnay-enter-2022-drinking-beautifully-and-will-age,"The Grand Cru of Pommard – Rugiens, Plus Stunning Volnay – Enter 2022 – Drinking Beautifully and Will Age",,,2636,200,2026-05-05T10:02:44+00:00
https://www.fassselections.com/blog/the-greeks-famous-cairanne-vieilles-vignes-90-year-old-vines-under-28-case-pricing/,the-greeks-famous-cairanne-vieilles-vignes-90-year-old-vines-under-28-case-pricing,The Greek’s Famous Cairanne Vieilles Vignes – 90 Year Old Vines – Under $28 Case Pricing,,,1482,200,2026-05-05T10:02:46+00:00
https://www.fassselections.com/blog/the-happy-family-our-hope-for-the-2024-we-all-deserve-2010-jadis-our-most-consistent-high-end-priced-like-low-end-champagne/,the-happy-family-our-hope-for-the-2024-we-all-deserve-2010-jadis-our-most-consistent-high-end-priced-like-low-end-champagne,The Happy Family – Our Hope for the 2024 We All Deserve – 2010 Jadis – Our Most Consistent High End (Priced Like Low End) Champagne,,,1588,200,2026-05-05T10:02:49+00:00
https://www.fassselections.com/blog/the-higest-rated-cairanne-of-2022-vintage-93-95-points-jeb-dunnuck-27-99-on-a-case-2/,the-higest-rated-cairanne-of-2022-vintage-93-95-points-jeb-dunnuck-27-99-on-a-case-2,The Higest Rated Cairanne of 2022 Vintage – 93-95 Points – Jeb Dunnuck – $27.99 On A Case,,,1091,200,2026-05-05T10:02:52+00:00
https://www.fassselections.com/blog/the-higest-rated-cairanne-of-2022-vintage-93-95-points-jeb-dunnuck-27-99-on-a-case/,the-higest-rated-cairanne-of-2022-vintage-93-95-points-jeb-dunnuck-27-99-on-a-case,The Higest Rated Cairanne of 2022 Vintage – 93-95 Points – Jeb Dunnuck – $27.99 On A Case,,,1091,200,2026-05-05T10:02:55+00:00
https://www.fassselections.com/blog/the-incomparable-2021-domberg-from-andi-schneider-one-of-2021s-greatest-german-rieslings/,the-incomparable-2021-domberg-from-andi-schneider-one-of-2021s-greatest-german-rieslings,The Incomparable 2021 Domberg from Andi Schneider – One of 2021’s Greatest German Rieslings!,,,2127,200,2026-05-05T10:02:58+00:00
https://www.fassselections.com/blog/the-leonard-cohen-of-nebbiolos-beloved-by-true-connoisseurs-the-most-ageworthy-nebbiolos-on-earth/,the-leonard-cohen-of-nebbiolos-beloved-by-true-connoisseurs-the-most-ageworthy-nebbiolos-on-earth,The Leonard Cohen of Nebbiolos – Beloved by True Connoisseurs. The Most Ageworthy Nebbiolos on Earth,,,1393,200,2026-05-05T10:03:01+00:00
https://www.fassselections.com/blog/the-masterful-winemaking-of-jj-girard-with-fantastic-pinot-noir-terroir-1er-cru-beaune-an-insane-value-and-volnay/,the-masterful-winemaking-of-jj-girard-with-fantastic-pinot-noir-terroir-1er-cru-beaune-an-insane-value-and-volnay,The Masterful Winemaking of JJ Girard with Fantastic Pinot Noir Terroir – 1er Cru Beaune (An Insane value) and Volnay,,,2025,200,2026-05-05T10:03:04+00:00
https://www.fassselections.com/blog/the-next-german-cult-wine-reminds-me-of-prieure-roche-jvms-song-wine-collectors-item-for-spatburgunder-lovers-2/,the-next-german-cult-wine-reminds-me-of-prieure-roche-jvms-song-wine-collectors-item-for-spatburgunder-lovers-2,The Next German Cult Wine – Reminds Me of Prieure Roche – JVM’s Song Wine – Collector’s Item for Spatburgunder Lovers,,,1462,200,2026-05-05T10:03:06+00:00
https://www.fassselections.com/blog/the-next-german-cult-wine-reminds-me-of-prieure-roche-jvms-song-wine-collectors-item-for-spatburgunder-lovers/,the-next-german-cult-wine-reminds-me-of-prieure-roche-jvms-song-wine-collectors-item-for-spatburgunder-lovers,The Next German Cult Wine – Reminds Me of Prieure Roche – JVM’s Song Wine – Collector’s Item for Spatburgunder Lovers,,,1470,200,2026-05-05T10:03:09+00:00
https://www.fassselections.com/blog/the-og-mosel-pinot-noir-spater-veits-brilliant-reserve-from-the-decennial-2015-vintage-29-99-case-pricing/,the-og-mosel-pinot-noir-spater-veits-brilliant-reserve-from-the-decennial-2015-vintage-29-99-case-pricing,The OG Mosel Pinot Noir – Spater-Veit’s Brilliant Reserve from the Decennial 2015 Vintage – $29.99 CASE PRICING,,,1815,200,2026-05-05T10:03:12+00:00
https://www.fassselections.com/blog/the-old-man-and-the-sea-christophe-billons-stunning-classic-cote-rotie-from-the-brilliant-2021-vintage/,the-old-man-and-the-sea-christophe-billons-stunning-classic-cote-rotie-from-the-brilliant-2021-vintage,The Old Man and the Sea – Christophe Billon’s Stunning Classic Cote Rotie – from the Brilliant 2021 Vintage,,,1405,200,2026-05-05T10:03:15+00:00
https://www.fassselections.com/blog/the-pinot-noir-for-a-price-you-dont-have-to-think-about-for-any-wine-youll-ever-buy-enderle-molls-basis/,the-pinot-noir-for-a-price-you-dont-have-to-think-about-for-any-wine-youll-ever-buy-enderle-molls-basis,The Pinot Noir for a Price You Don’t Have to Think About for Any Wine You’ll Ever Buy – Enderle & Moll’s Basis,,,1516,200,2026-05-05T10:03:18+00:00
https://www.fassselections.com/blog/the-quintessential-volnay-1er-cru-the-great-champans-from-buffet-absurdly-low-price-91-93-bh-incredible-village-volnay-89-91-bh/,the-quintessential-volnay-1er-cru-the-great-champans-from-buffet-absurdly-low-price-91-93-bh-incredible-village-volnay-89-91-bh,The Quintessential Volnay 1er Cru – The Great Champans from Buffet – Absurdly Low Price – 91-93 BH + Incredible Village Volnay – 89-91 BH,,,1782,200,2026-05-05T10:03:21+00:00
https://www.fassselections.com/blog/the-return-of-the-queen-one-of-the-greatest-neoclassical-producers-in-alto-piemonte-2019-barbaglia-boca-is-a-wine-for-the-ages/,the-return-of-the-queen-one-of-the-greatest-neoclassical-producers-in-alto-piemonte-2019-barbaglia-boca-is-a-wine-for-the-ages,The Return of the Queen – One of the Greatest Neoclassical Producers in Alto Piemonte – 2019 Barbaglia Boca Is a Wine for the Ages,,,1967,200,2026-05-05T10:03:23+00:00
https://www.fassselections.com/blog/the-road-less-travelled-two-poisot-1er-crus-that-have-reached-grand-cru-quality/,the-road-less-travelled-two-poisot-1er-crus-that-have-reached-grand-cru-quality,The Road Less Travelled: Two Poisot 1er Crus that Have Reached Grand Cru Quality,,,2036,200,2026-05-05T10:03:26+00:00
https://www.fassselections.com/blog/the-sanyu-of-burgundy-monthelie-next-to-volnay-its-having-its-moment-under-32-for-2-brilliant-lieu-dits/,the-sanyu-of-burgundy-monthelie-next-to-volnay-its-having-its-moment-under-32-for-2-brilliant-lieu-dits,"The Sanyu of Burgundy? Monthelie, Next to Volnay – It’s Having It’s Moment – Under $32 for 2 Brilliant Lieu-Dits",,,1704,200,2026-05-05T10:03:29+00:00
https://www.fassselections.com/blog/the-super-fine-tannins-make-me-think-of-la-tache-oh-if-our-future-selves-had-a-time-machine-wed-know-to-buy-this-or-just-have-some-faith-97-point-pinot-noir-under-56/,the-super-fine-tannins-make-me-think-of-la-tache-oh-if-our-future-selves-had-a-time-machine-wed-know-to-buy-this-or-just-have-some-faith-97-point-pinot-noir-under-56,“. . .the super-fine tannins make me think of La Tache.” – Oh if Our Future Selves Had a Time Machine – We’d Know to Buy This (or Just Have Some Faith) – 97 Point Pinot Noir Under $56,,,1509,200,2026-05-05T10:03:32+00:00
https://www.fassselections.com/blog/the-ultimate-collector-cote-roties-made-for-the-greek-from-the-best-terroir-in-the-rhone-incredible-classic-refined-2021-vintage/,the-ultimate-collector-cote-roties-made-for-the-greek-from-the-best-terroir-in-the-rhone-incredible-classic-refined-2021-vintage,"The Ultimate Collector Cote Roties: Made for the Greek from the Best Terroir in the Rhone, Incredible, Classic, Refined 2021 Vintage",,,1630,200,2026-05-05T10:03:35+00:00
https://www.fassselections.com/blog/the-volnay-of-the-mountains-my-favorite-red-in-our-savoie-portfolio-one-of-the-worlds-rarest-most-unique-whites-2/,the-volnay-of-the-mountains-my-favorite-red-in-our-savoie-portfolio-one-of-the-worlds-rarest-most-unique-whites-2,The Volnay of the Mountains – My Favorite Red In Our Savoie Portfolio + One Of The World’s Rarest & Most Unique Whites,,,2049,200,2026-05-05T10:03:38+00:00
https://www.fassselections.com/blog/the-volnay-of-the-mountains-my-favorite-red-in-our-savoie-portfolio-one-of-the-worlds-rarest-most-unique-whites/,the-volnay-of-the-mountains-my-favorite-red-in-our-savoie-portfolio-one-of-the-worlds-rarest-most-unique-whites,The Volnay of the Mountains – My Favorite Red In Our Savoie Portfolio + One Of The World’s Rarest & Most Unique Whites,,,2052,200,2026-05-05T10:03:40+00:00
https://www.fassselections.com/blog/they-grind-exceeding-small-chavy-chouets-climb-to-the-top-of-the-meursault-hierarchy-1er-cru-and-lieu-dit/,they-grind-exceeding-small-chavy-chouets-climb-to-the-top-of-the-meursault-hierarchy-1er-cru-and-lieu-dit,“they grind exceeding small” – Chavy Chouet’s Climb to the top of the Meursault Hierarchy – 1er Cru and Lieu Dit,,,2056,200,2026-05-05T10:03:43+00:00
https://www.fassselections.com/blog/thunderously-subtle-of-our-new-german-pinot-producers-this-is-the-producer-i-get-the-most-feedback-on-its-not-close/,thunderously-subtle-of-our-new-german-pinot-producers-this-is-the-producer-i-get-the-most-feedback-on-its-not-close,Thunderously Subtle – Of Our New German Pinot Producers – This is the Producer I Get The Most Feedback On – It’s Not Close,,,1687,200,2026-05-05T10:03:46+00:00
https://www.fassselections.com/blog/thunderously-subtle-pinot-noir-and-savagnin-from-one-of-the-worlds-best-tasters-master-of-wine-jurgen-von-der-mark/,thunderously-subtle-pinot-noir-and-savagnin-from-one-of-the-worlds-best-tasters-master-of-wine-jurgen-von-der-mark,"Thunderously Subtle – Pinot Noir and Savagnin from one of the World’s Best Tasters, Master of Wine – Jürgen von der Mark",,,2147,200,2026-05-05T10:03:49+00:00
https://www.fassselections.com/blog/tiny-allocation-of-one-of-the-hardest-to-get-and-best-pinots-in-germany-grand-cru-chablis-german-style-the-cultiest-wine-from-the-enderle-moll-of-franken/,tiny-allocation-of-one-of-the-hardest-to-get-and-best-pinots-in-germany-grand-cru-chablis-german-style-the-cultiest-wine-from-the-enderle-moll-of-franken,Tiny Allocation of One of the Hardest to Get and Best Pinots in Germany + Grand Cru Chablis (German Style!)- The Cultiest Wine from the Enderle & Moll of Franken,,,1862,200,2026-05-05T10:03:52+00:00
https://www.fassselections.com/blog/two-very-important-wines-pinot-noir-and-a-white-from-ziereiesens-protege-the-pinot-is-a-no-brainer-the-white-is-a-sleeper-genius-wine-2/,two-very-important-wines-pinot-noir-and-a-white-from-ziereiesens-protege-the-pinot-is-a-no-brainer-the-white-is-a-sleeper-genius-wine-2,"Two Very Important Wines (Pinot Noir and a White) from Ziereiesen’s Protege, The Pinot Is a No Brainer the White Is a Sleeper Genius Wine",,,2177,200,2026-05-05T10:03:54+00:00
https://www.fassselections.com/blog/two-very-important-wines-pinot-noir-and-a-white-from-ziereiesens-protege-the-pinot-is-a-no-brainer-the-white-is-a-sleeper-genius-wine/,two-very-important-wines-pinot-noir-and-a-white-from-ziereiesens-protege-the-pinot-is-a-no-brainer-the-white-is-a-sleeper-genius-wine,"Two Very Important Wines (Pinot Noir and a White) from Ziereiesen’s Protege, The Pinot Is a No Brainer the White Is a Sleeper Genius Wine",,,2169,200,2026-05-05T10:03:57+00:00
https://www.fassselections.com/blog/versaces-hurley-dress-pur-meunier-the-champagne-that-will-turn-heads-my-top-bubbles-customers-love-this/,versaces-hurley-dress-pur-meunier-the-champagne-that-will-turn-heads-my-top-bubbles-customers-love-this,Versace’s Hurley Dress – Pur Meunier – the Champagne that Will Turn Heads – My Top Bubbles Customers Love This,,,1641,200,2026-05-05T10:04:00+00:00
https://www.fassselections.com/blog/we-all-should-be-able-to-afford-burgundy-every-day-under-50-meursault-and-a-killer-under-30-bourgogne-blanc-fass-selction-done-post/,we-all-should-be-able-to-afford-burgundy-every-day-under-50-meursault-and-a-killer-under-30-bourgogne-blanc-fass-selction-done-post,We All Should be Able to Afford Burgundy Every Day! – Under $50 Meursault and a Killer Under $30 Bourgogne Blanc Fass Selction Done Post,,,1815,200,2026-05-05T10:04:03+00:00
https://www.fassselections.com/blog/weltners-stunningly-chablisienne-chardonnay-and-cult-schuerebe-2023-is-here-2019-crossed-with-2015/,weltners-stunningly-chablisienne-chardonnay-and-cult-schuerebe-2023-is-here-2019-crossed-with-2015,Weltner’s Stunningly Chablisienne Chardonnay and Cult Schuerebe 2023 is Here! (2019 Crossed With 2015),,,2162,200,2026-05-05T10:04:06+00:00
https://www.fassselections.com/blog/what-are-you-doing-stop-drinking-3-tier-bourgogne-blanc-and-buy-this-boussey-village-meursault-for-under-50-2022-is-terrific-2/,what-are-you-doing-stop-drinking-3-tier-bourgogne-blanc-and-buy-this-boussey-village-meursault-for-under-50-2022-is-terrific-2,What Are You Doing!?! Stop Drinking 3 Tier Bourgogne Blanc and Buy This! Boussey Village Meursault for Under $50 – 2022 Is Terrific,,,1269,200,2026-05-05T10:04:09+00:00
https://www.fassselections.com/blog/what-are-you-doing-stop-drinking-3-tier-bourgogne-blanc-and-buy-this-boussey-village-meursault-for-under-50-2022-is-terrific/,what-are-you-doing-stop-drinking-3-tier-bourgogne-blanc-and-buy-this-boussey-village-meursault-for-under-50-2022-is-terrific,What Are You Doing!?! Stop Drinking 3 Tier Bourgogne Blanc and Buy This! Boussey Village Meursault for Under $50 – 2022 Is Terrific,,,795,200,2026-05-05T10:04:12+00:00
https://www.fassselections.com/blog/yes-there-are-actual-under-45-and-under-35-burgundies-village-you-can-drink-every-day-that-even-burg-snobs-will-love-2-today-that-offer-great-complexity-for-the-price/,yes-there-are-actual-under-45-and-under-35-burgundies-village-you-can-drink-every-day-that-even-burg-snobs-will-love-2-today-that-offer-great-complexity-for-the-price,Yes – There Are Actual Under $45 and under $35 Burgundies Village You Can Drink Every Day That Even Burg Snobs Will Love – 2 Today That Offer Great Complexity For the Price,,,2324,200,2026-05-05T10:04:15+00:00
https://www.fassselections.com/blog/your-windfall-from-steinmetzs-faustian-pact-97-point-zeltinger-sonnenuhr-gg-gz-maybe-the-most-elegant-mosel-riesling-ive-ever-had/,your-windfall-from-steinmetzs-faustian-pact-97-point-zeltinger-sonnenuhr-gg-gz-maybe-the-most-elegant-mosel-riesling-ive-ever-had,Your Windfall from Steinmetz’s Faustian Pact – 97 Point Zeltinger Sonnenuhr GG (GZ) – Maybe the Most Elegant Mosel Riesling I’ve Ever Had,,,1175,200,2026-05-05T10:04:17+00:00
